mAP@0.5,Recall@0.5,mean_iou@0.5,COCO_AP,COCO_AP50,COCO_AP75,COCO_AR100
0.9984976524377578,1.0,0.8384543455822367,0.690965541232386,0.9984158415841586,0.8364814743758328,0.7352112676056339
