metric,baseline,fine_tuned,absolute_change,relative_change_percent
mAP@0.5,0.46605783461833317,0.6663646185564996,0.20030678393816648,42.97895433990566
Recall@0.5,0.6811594202898551,0.7536231884057971,0.07246376811594202,10.638297872340424
mean_iou@0.5,0.7429497520974342,0.7942490187975076,0.051299266700073454,6.904809720341061
COCO_AP,0.22622403673328603,0.4262780581538274,0.20005402142054138,88.4318148987861
COCO_AP50,0.46710185047752495,0.666944650970141,0.19984280049261605,42.78356000694792
COCO_AP75,0.14818894686052847,0.47253521800616105,0.3243462711456326,218.87345717551977
COCO_AR100,0.37681159420289856,0.5130434782608695,0.13623188405797093,36.15384615384613
