model,mAP@0.5,Recall@0.5,mean_iou@0.5,COCO_AP,COCO_AP50,COCO_AP75,COCO_AR100
baseline_scan_trained,0.46605783461833317,0.6811594202898551,0.7429497520974342,0.22622403673328603,0.46710185047752495,0.14818894686052847,0.37681159420289856
fine_tuned_on_mobile,0.6663646185564996,0.7536231884057971,0.7942490187975076,0.4262780581538274,0.666944650970141,0.47253521800616105,0.5130434782608695
