checkpoint,COCO_AP,COCO_AP50,COCO_AP75,Recall@0.5,mAP@0.5,mean_iou@0.5
retinanet_epoch6.pth,0.5260798579857985,0.8842134213421341,0.47040704070407047,0.9285714285714286,0.8908730150965883,0.7879218734227694
retinanet_epoch1.pth,0.503037803780378,0.8826732673267327,0.5361386138613862,0.9285714285714286,0.889285713510119,0.771862098803887
retinanet_epoch2.pth,0.5197922733449816,0.8824014754416618,0.4791496796738497,0.9285714285714286,0.8890056014077863,0.7770706461026118
retinanet_epoch4.pth,0.5311843684368437,0.8792079207920793,0.548019801980198,0.9285714285714286,0.8857142849433035,0.7898683823071994
retinanet_epoch5.pth,0.5311843684368437,0.8792079207920793,0.548019801980198,0.9285714285714286,0.8857142849433035,0.7887235100452716
retinanet_epoch3.pth,0.5328135313531353,0.8770627062706271,0.5465346534653465,0.9285714285714286,0.8835034005917203,0.786522049170274
