mAP@0.5,Recall@0.5,mean_iou@0.5,COCO_AP,COCO_AP50,COCO_AP75,COCO_AR100
0.6663646185564996,0.7536231884057971,0.7942490187975076,0.4262780581538274,0.666944650970141,0.47253521800616105,0.5130434782608695
